package name,version,source,downloads,language,use_count
3scale-api,,rubygems,,ruby,2
1and1,,rubygems,,ruby,1
2DArray,,rubygems,,ruby,1
3scale_client,,rubygems,,ruby,1
3scale_toolbox,,rubygems,,ruby,1
_bushido-faye-websocket,,rubygems,,ruby,1
-,,rubygems,,ruby,0
-A,,rubygems,,ruby,0
.cat,,rubygems,,ruby,0
.omghi,,rubygems,,ruby,0
0mq,,rubygems,,ruby,0
0xdm5,,rubygems,,ruby,0
0xffffff,,rubygems,,ruby,0
0xn3va-hola,,rubygems,,ruby,0
10to1-crack,,rubygems,,ruby,0
1234567890_,,rubygems,,ruby,0
12_hour_time,,rubygems,,ruby,0
16watts-fluently,,rubygems,,ruby,0
189seg,,rubygems,,ruby,0
196demo,,rubygems,,ruby,0
19cah,,rubygems,,ruby,0
1_as_identity_function,,rubygems,,ruby,0
1hdoc,,rubygems,,ruby,0
1OS,,rubygems,,ruby,0
1pass,,rubygems,,ruby,0
2019-GCPL-CLI-Table,,rubygems,,ruby,0
2048-ruby,,rubygems,,ruby,0
21-day-challenge-countdown,,rubygems,,ruby,0
234ewd,,rubygems,,ruby,0
24games,,rubygems,,ruby,0
24point,,rubygems,,ruby,0
2cdn,,rubygems,,ruby,0
2do,,rubygems,,ruby,0
2fa,,rubygems,,ruby,0
2gis,,rubygems,,ruby,0
2Performant,,rubygems,,ruby,0
360_services,,rubygems,,ruby,0
37-pieces-of-flair,,rubygems,,ruby,0
3d-ribbon,,rubygems,,ruby,0
3d_cache,,rubygems,,ruby,0
3dmf,,rubygems,,ruby,0
3llo,,rubygems,,ruby,0
3mix-castronaut,,rubygems,,ruby,0
3months_staff_schedule,,rubygems,,ruby,0
3scale-3scale_ws_api,,rubygems,,ruby,0
3scale-3scale_ws_api_for_ruby,,rubygems,,ruby,0
3scale_api,,rubygems,,ruby,0
3scale_time_range,,rubygems,,ruby,0
3scale_toolbox_supercool_plugin,,rubygems,,ruby,0
420-time,,rubygems,,ruby,0
42858gemtest,,rubygems,,ruby,0
42_gem,,rubygems,,ruby,0
46546535132132A,,rubygems,,ruby,0
47primes-amatch,,rubygems,,ruby,0
4info,,rubygems,,ruby,0
4me-sdk,,rubygems,,ruby,0
50-best-restaurants,,rubygems,,ruby,0
52inc-danger,,rubygems,,ruby,0
533212321-weq-eqw,,rubygems,,ruby,0
53cr-shoulda_generator,,rubygems,,ruby,0
6_mail_regex_andeshmukh,,rubygems,,ruby,0
6px,,rubygems,,ruby,0
7_half,,rubygems,,ruby,0
7digital,,rubygems,,ruby,0
80ae2fe5c929b7d0a00bdee2d710fa9e,,rubygems,,ruby,0
80legs,,rubygems,,ruby,0
88miles,,rubygems,,ruby,0
99_game,,rubygems,,ruby,0
99designs-tasks,,rubygems,,ruby,0
_,,rubygems,,ruby,0
_amon,,rubygems,,ruby,0
_bushido-faye,,rubygems,,ruby,0
_p_,,rubygems,,ruby,0
_rubyapp,,rubygems,,ruby,0
